{"easy": {"correct_problems": 1004, "total_problems": 1958, "avg_score": 0.5127681307456589}, "medium": {"correct_problems": 897, "total_problems": 2210, "avg_score": 0.40588235294117647}, "hard": {"correct_problems": 8, "total_problems": 24, "avg_score": 0.3333333333333333}}