{"easy": {"correct_problems": 909, "total_problems": 1958, "avg_score": 0.4642492339121553}, "medium": {"correct_problems": 739, "total_problems": 2210, "avg_score": 0.3343891402714932}, "hard": {"correct_problems": 5, "total_problems": 24, "avg_score": 0.20833333333333334}}