{"easy": {"correct_problems": 965, "total_problems": 1958, "avg_score": 0.49284984678243104}, "medium": {"correct_problems": 837, "total_problems": 2210, "avg_score": 0.37873303167420813}, "hard": {"correct_problems": 8, "total_problems": 24, "avg_score": 0.3333333333333333}}