{"easy": {"correct_problems": 835, "total_problems": 1958, "avg_score": 0.42645556690500513}, "medium": {"correct_problems": 721, "total_problems": 2210, "avg_score": 0.3262443438914027}, "hard": {"correct_problems": 2, "total_problems": 24, "avg_score": 0.08333333333333333}}